first_name,gender,start_date,last_login_time,salary,bonus %,senior_management,department_team,bonuses
Douglas,Male,8/6/1993,12:42 PM,97308,6.945,TRUE,Marketing,6758.0406
Thomas,Male,3/31/1996,6:53 AM,61933,4.17,TRUE,,2582.6061
Maria,Female,4/23/1993,11:17 AM,130590,11.858,FALSE,Finance,15485.3622
Jerry,Male,3/4/2005,1:00 PM,138705,9.34,TRUE,Finance,12955.047
Larry,Male,1/24/1998,4:47 PM,101004,1.389,TRUE,Client Services,1402.94556
Dennis,Male,4/18/1987,1:35 AM,115163,10.125,FALSE,Legal,11660.25375
Ruby,Female,8/17/1987,4:20 PM,65476,10.012,TRUE,Product,6555.45712
Johnny,Female,7/20/2015,10:43 AM,45906,11.598,6758.0406,Finance,5324.17788
Angela,Female,11/22/2005,6:29 AM,95570,18.523,TRUE,Engineering,17702.4311
Frances,Female,8/8/2002,6:51 AM,139852,7.524,TRUE,Business Development,10522.46448
Louise,Female,8/12/1980,9:01 AM,63241,15.132,TRUE,,9569.62812
Julie,Female,10/26/1997,3:19 PM,102508,12.637,TRUE,Legal,12953.93596
Brandon,Male,12/1/1980,1:08 AM,112807,17.492,TRUE,Human Resources,19732.20044
Gary,Male,1/27/2008,11:40 PM,109831,5.831,FALSE,Sales,6404.24561
Kimberly,Female,1/14/1999,7:13 AM,41426,14.543,TRUE,Finance,6024.58318
Lillian,Female,6/5/2016,6:09 AM,59414,1.256,FALSE,Product,746.23984
Jeremy,Male,9/21/2010,5:56 AM,90370,7.369,FALSE,Human Resources,6659.3653
Shawn,Male,12/7/1986,7:45 PM,111737,6.414,FALSE,Product,7166.81118
Diana,Female,10/23/1981,10:27 AM,132940,19.082,FALSE,Client Services,25367.6108
Donna,Female,7/22/2010,3:48 AM,81014,1.894,FALSE,Product,1534.40516
Lois,,4/22/1995,7:18 PM,64714,4.934,TRUE,Legal,3192.98876
Matthew,Male,9/5/1995,2:12 AM,100612,13.645,FALSE,Marketing,13728.5074
Joshua,,3/8/2012,1:58 AM,90816,18.816,TRUE,Client Services,17087.93856
Beryl,Male,6/14/2012,4:19 PM,125792,5.042,6659.3653,Human Resources,6342.43264
John,Male,7/1/1992,10:08 PM,97950,13.873,FALSE,Client Services,13588.6035
Jose,Male,10/8/2012,1:12 AM,37076,18.576,25367.6108,Client Services,6887.23776
Craig,Male,2/27/2000,7:45 AM,37598,7.757,TRUE,Marketing,2916.47686
Scott,,7/11/1991,6:58 PM,122367,5.218,FALSE,Legal,6385.11006
Terry,Male,11/27/1981,6:30 PM,124008,13.464,TRUE,Client Services,16696.43712
Benjamin,Male,1/26/2005,10:06 PM,79529,7.008,TRUE,Legal,5573.39232
Christina,Female,8/6/2002,1:19 PM,118780,9.096,TRUE,Engineering,10804.2288
Joyce,,2/20/2005,2:40 PM,88657,12.752,FALSE,Product,11305.54064
Mercy,Male,8/21/1998,2:27 PM,122340,6.417,6887.23776,Operations Department,7850.5578
Jean,Female,12/18/1993,9:07 AM,119082,16.18,FALSE,Business Development,19267.4676
Jerry,Male,1/10/2004,12:56 PM,95734,19.096,FALSE,Client Services,18281.36464
Theresa,Female,10/10/2006,1:12 AM,85182,16.675,FALSE,Sales,14204.0985
Rachel,Female,2/16/2009,8:47 PM,142032,12.599,FALSE,Business Development,17894.61168
Linda,Female,10/19/1981,8:49 PM,57427,9.557,TRUE,Client Services,5488.29839
Stephanie,Female,9/13/1986,1:52 AM,36844,5.574,TRUE,Business Development,2053.68456
Jos,Male,1/29/2016,2:33 AM,122173,7.797,7850.5578,Client Services,9525.82881
Michael,Male,10/10/2008,11:25 AM,99283,2.665,TRUE,Distribution,2645.89195
Christine,,6/28/2015,1:08 AM,66582,11.308,TRUE,Business Development,7529.09256
Beverly,Female,9/9/1998,8:26 PM,121918,15.835,FALSE,Legal,19305.7153
Marilyn,Female,12/7/1980,3:16 AM,73524,5.207,TRUE,Marketing,3828.39468
Cynthia,Female,11/16/1988,6:54 PM,145146,7.482,TRUE,Product,10859.82372
Roger,Male,4/17/1980,11:32 AM,88010,13.886,TRUE,Sales,12221.0686
Bruce,Male,11/28/2009,10:47 PM,114796,6.796,FALSE,Finance,7801.53616
Kathy,Female,6/22/2005,4:51 AM,66820,9,TRUE,Client Services,6013.8
Clarence,Male,3/26/1996,5:57 AM,93581,6.083,TRUE,Business Development,5692.53223
Chris,,1/24/1980,12:13 PM,113590,3.055,FALSE,Sales,3470.1745
Nancy,Female,9/23/2000,8:05 AM,94976,13.83,TRUE,Engineering,13135.1808
Todd,Male,2/18/1990,2:41 AM,49339,1.695,TRUE,Human Resources,836.29605
Alan,,3/3/2014,1:28 PM,40341,17.578,TRUE,Finance,7091.14098
Sara,Female,8/15/2007,9:23 AM,83677,8.999,FALSE,Engineering,7530.09323
Karen,Female,11/30/1999,7:46 AM,102488,17.653,TRUE,Product,18092.20664
Carl,Male,5/3/2006,5:55 PM,130276,16.084,TRUE,Finance,20953.59184
Henry,Male,6/26/1996,1:44 AM,64715,15.107,TRUE,Human Resources,9776.49505
Theresa,Female,4/11/2010,7:18 AM,72670,1.481,TRUE,Engineering,1076.2427
Irene,Female,5/7/1997,9:32 AM,66851,11.279,FALSE,Engineering,7540.12429
Paula,,11/23/2005,2:01 PM,48866,4.271,FALSE,Distribution,2087.06686
Denise,Female,11/6/2001,12:03 PM,106862,3.699,FALSE,Business Development,3952.82538
Matthew,Male,1/2/2013,10:33 PM,35203,18.04,FALSE,Human Resources,6350.6212
Kathleen,,4/11/1990,6:46 PM,77834,18.771,FALSE,Business Development,14610.22014
Steve,Male,11/11/2009,11:44 PM,61310,12.428,TRUE,Distribution,7619.6068
Nancy,Female,12/15/2012,11:57 PM,125250,2.672,TRUE,Business Development,3346.68
Rachel,Female,8/16/1999,6:53 AM,51178,9.735,TRUE,Finance,4982.1783
Jose,Male,10/30/2004,1:39 PM,84834,14.33,TRUE,Finance,12156.7122
Irene,,7/14/2015,4:31 PM,100863,4.382,TRUE,Finance,4419.81666
Todd,,6/10/2003,2:26 PM,84692,6.617,FALSE,Client Services,5604.06964
Johnny,Male,11/6/2009,4:23 PM,118172,16.194,TRUE,Sales,19136.77368
Bobby,Male,5/7/2007,10:01 AM,54043,3.833,FALSE,Product,2071.46819
Frances,Female,4/4/1999,4:19 PM,90582,4.709,TRUE,Sales,4265.50638
Thomas,Male,6/4/1995,2:24 PM,62096,17.029,FALSE,Marketing,10574.32784
Bonnie,Female,7/2/1991,1:27 AM,104897,5.118,TRUE,Human Resources,5368.62846
Margaret,Female,9/10/1988,12:42 PM,131604,7.353,TRUE,Distribution,9676.84212
Charles,Male,9/14/2004,8:13 PM,107391,1.26,TRUE,Marketing,1353.1266
Robin,Female,6/4/1983,3:15 PM,114797,5.965,TRUE,Sales,6847.64105
Bonnie,Female,11/13/1988,3:30 PM,115814,4.99,FALSE,Product,5779.1186
Gerald,,3/17/1995,12:50 AM,137126,15.602,TRUE,Sales,21394.39852
Christopher,Male,3/30/2008,10:52 AM,47369,14.822,FALSE,Legal,7021.03318
Steven,Male,3/30/1980,9:20 PM,35095,8.379,TRUE,Client Services,2940.61005
Shawn,Male,9/23/2005,2:55 AM,148115,6.539,TRUE,Finance,9685.23985
Doris,Female,8/20/2004,5:51 AM,83072,7.511,FALSE,Finance,6239.53792
Jeremy,Male,2/1/2008,8:50 AM,100238,3.887,TRUE,Client Services,3896.25106
Annie,,9/29/2007,12:11 AM,103495,17.29,TRUE,Business Development,17894.2855
Annie,Female,1/30/1993,2:05 AM,144887,8.276,TRUE,Sales,11990.84812
Donna,Female,11/27/1991,1:59 PM,64088,6.155,TRUE,Legal,3944.6164
Janice,Female,3/12/2016,12:40 AM,51082,11.955,FALSE,Legal,6106.8531
Janice,,8/21/1997,5:12 AM,91719,11.583,TRUE,Legal,10623.81177
James,,1/26/2005,11:00 PM,128771,8.309,FALSE,,10699.58239
Linda,Female,5/25/2000,5:45 PM,119009,12.506,TRUE,Business Development,14883.26554
Virginia,,5/7/1994,5:58 PM,111858,1.601,TRUE,Legal,1790.84658
Harry,Male,8/26/1981,3:16 PM,130620,7.03,FALSE,Legal,9182.586
Heather,Female,7/11/1998,2:17 PM,43026,14.166,FALSE,Client Services,6095.06316
Cynthia,Female,3/21/1994,8:34 AM,142321,1.737,FALSE,Finance,2472.11577
Laura,,7/19/2014,9:23 PM,140371,10.62,TRUE,Marketing,14907.4002
Tina,Female,6/16/2016,7:47 PM,100705,16.961,TRUE,Marketing,17080.57505
Harold,Male,1/2/1985,9:40 PM,77544,12.447,FALSE,Business Development,9651.90168
Melissa,Female,6/21/2005,6:33 AM,48109,14.995,FALSE,Finance,7213.94455
Aaron,Male,2/17/2012,10:20 AM,61602,11.849,TRUE,Marketing,7299.22098
Jack,Male,1/12/1997,5:51 AM,103902,12.159,FALSE,Client Services,12633.44418
Phyllis,Female,10/11/1996,9:30 PM,136984,8.932,TRUE,Finance,12235.41088
John,Male,12/23/1989,7:01 AM,80740,19.305,FALSE,Marketing,15586.857
Kathy,Female,3/9/1996,4:33 AM,91712,8.567,FALSE,Finance,7856.96704
Paul,Male,8/4/1993,7:25 PM,42146,3.046,FALSE,Legal,1283.76716
Steven,Male,4/23/2013,10:12 PM,68680,16.565,FALSE,Legal,11376.842
Russell,,5/5/1988,7:57 AM,133980,12.396,TRUE,Legal,16608.1608
Christopher,Male,4/22/2000,10:15 AM,37919,11.449,FALSE,,4341.34631
Shirley,Female,6/20/2001,10:39 PM,147113,16.135,FALSE,Legal,23736.68255
Bonnie,Female,12/17/1999,3:12 PM,42153,8.454,TRUE,Business Development,3563.61462
Willie,Male,11/27/2003,6:21 AM,64363,4.023,FALSE,Marketing,2589.32349
Tina,Female,6/12/2009,7:16 AM,114767,3.711,TRUE,Engineering,4259.00337
Ashley,Female,8/4/2002,11:00 AM,58698,6.811,TRUE,Business Development,3997.92078
Pamela,Female,7/1/1982,6:51 AM,54585,4.166,FALSE,Product,2274.0111
Steven,Male,3/1/1995,3:03 PM,109095,9.494,FALSE,Finance,10357.4793
Andrea,Female,1/12/2012,5:43 AM,120204,9.557,FALSE,Business Development,11487.89628
Paul,Male,6/3/2008,3:05 PM,41054,12.299,FALSE,Marketing,5049.23146
Peter,Male,11/17/1994,6:15 PM,84885,15.402,FALSE,Business Development,13073.9877
Kathleen,,5/9/2016,8:55 AM,119735,18.74,FALSE,Product,22438.339
Christina,Female,4/13/2012,2:04 PM,110169,13.892,TRUE,Engineering,15304.67748
Helen,Female,11/29/2001,2:30 AM,73789,14.841,TRUE,Product,10951.02549
Marilyn,Female,11/16/1983,8:29 AM,76078,2.401,TRUE,Product,1826.63278
Patricia,Female,9/1/2003,6:46 AM,49368,14.226,FALSE,Human Resources,7023.09168
Michelle,Female,3/30/1984,6:43 PM,57325,17.179,TRUE,Human Resources,9847.86175
William,Male,9/29/2002,4:09 PM,66521,5.83,FALSE,Human Resources,3878.1743
Kenneth,Male,8/25/1987,9:16 PM,127654,16.439,TRUE,Client Services,20985.04106
Antonio,Male,10/25/1988,1:50 PM,60866,13.101,TRUE,Business Development,7974.05466
Shirley,Female,5/1/1984,1:15 PM,41334,6.219,TRUE,Human Resources,2570.56146
Rebecca,Female,7/10/1992,12:23 AM,94231,17.517,FALSE,Product,16506.44427
Carlos,Male,1/4/1995,7:02 AM,146670,10.763,FALSE,Human Resources,15786.0921
Lois,Female,12/25/1987,4:16 PM,106317,2.235,TRUE,Client Services,2376.18495
Carolyn,Female,4/9/2011,5:38 AM,109260,2.65,TRUE,Business Development,2895.39
Gloria,Female,6/29/2007,5:34 AM,134148,8.833,TRUE,Legal,11849.29284
Henry,Male,4/24/1995,4:18 AM,43542,19.687,FALSE,Legal,8572.11354
Adam,Male,5/21/2011,1:45 AM,95327,15.12,FALSE,Distribution,14413.4424
Ashley,Female,5/25/2006,11:30 AM,112238,6.03,TRUE,Engineering,6767.9514
Shirley,Female,2/28/1981,1:23 PM,113850,1.854,FALSE,Marketing,2110.779
Adam,Male,12/24/1990,8:57 PM,110194,14.727,TRUE,Product,16228.27038
Elizabeth,Female,10/9/2003,5:53 PM,146129,5.687,FALSE,Finance,8310.35623
Teresa,,1/28/2016,10:55 AM,140013,8.689,TRUE,Engineering,12165.72957
Nicole,,3/5/1982,2:28 PM,122717,12.452,FALSE,Sales,15280.72084
Jennifer,Female,4/4/2009,10:47 PM,71715,13.079,TRUE,Client Services,9379.60485
Patricia,Female,11/25/1992,2:24 AM,95322,4.15,FALSE,Product,3955.863
Philip,Male,7/17/2008,1:30 PM,89227,3.996,FALSE,Legal,3565.51092
Patrick,,7/14/1991,2:24 AM,124488,14.837,TRUE,Sales,18470.28456
Sean,Male,5/4/1996,8:59 PM,135490,19.934,FALSE,Marketing,27008.5766
Brandon,,11/3/1997,8:17 PM,121333,15.295,FALSE,Business Development,18557.88235
Ruth,Female,8/19/1999,4:03 AM,129297,8.067,TRUE,Client Services,10430.38899
Victor,,3/10/2011,8:40 PM,84546,10.489,TRUE,Finance,8868.02994
Rebecca,Female,11/15/1980,4:13 AM,85730,5.359,TRUE,Product,4594.2707
Marie,Female,3/16/2003,12:12 AM,104058,17.695,TRUE,Business Development,18413.0631
Howard,Male,4/27/1992,1:10 AM,105062,1.563,FALSE,Human Resources,1642.11906
Norma,Female,2/28/1999,8:45 PM,114412,8.756,TRUE,Marketing,10017.91472
James,,11/22/1983,10:52 PM,68501,14.316,FALSE,Marketing,9806.60316
Kathy,Female,3/18/2000,7:26 PM,149563,16.991,TRUE,Finance,25412.24933
Marilyn,,8/22/1999,9:09 AM,103386,11.451,FALSE,Distribution,11838.73086
Arthur,Male,4/13/1998,11:28 AM,89786,14.422,TRUE,Legal,12948.93692
Terry,Male,9/3/1990,9:15 PM,52226,19.135,FALSE,Client Services,9993.4451
Mary,Female,8/13/1999,1:03 AM,134645,18.197,FALSE,Business Development,24501.35065
Christopher,Male,12/24/2011,12:22 PM,142178,17.984,TRUE,Sales,25569.29152
Peter,,9/3/1987,5:59 PM,38989,7.017,TRUE,Marketing,2735.85813
Michelle,Female,11/4/1996,9:34 PM,53754,5.455,TRUE,Product,2932.2807
Irene,Female,1/29/1992,11:36 AM,133772,19.02,TRUE,Sales,25443.4344
Patrick,Male,8/17/2007,3:16 AM,143499,17.495,TRUE,Engineering,25105.15005
Sara,Female,9/23/1991,6:17 PM,97058,9.402,FALSE,Finance,9125.39316
Lillian,Female,12/21/2008,6:51 PM,85446,3.959,TRUE,Engineering,3382.80714
Willie,Male,2/17/1998,8:20 PM,146651,1.451,TRUE,Engineering,2127.90601
Victor,Male,1/8/2003,1:02 PM,124486,10.166,FALSE,Product,12655.24676
Wayne,Male,4/7/2012,8:00 AM,102652,14.085,TRUE,Distribution,14458.5342
Jane,Female,9/3/1997,2:01 AM,144474,17.648,FALSE,Product,25496.77152
Jessica,Female,10/23/1995,5:53 AM,68759,19.343,TRUE,Finance,13300.05337
Mark,Male,4/12/2008,5:40 PM,57286,5.025,TRUE,Business Development,2878.6215
Randy,Male,11/14/1999,12:12 PM,58129,1.952,TRUE,Distribution,1134.67808
Lillian,Female,6/19/1999,4:44 PM,123940,12.184,TRUE,Business Development,15100.8496
Ruth,,5/18/1999,5:56 AM,98233,2.518,TRUE,Distribution,2473.50694
Jerry,Male,12/18/2003,6:46 AM,140810,9.177,TRUE,Client Services,12922.1337
Sandra,Female,1/19/1983,7:25 AM,42090,8.842,TRUE,Legal,3721.5978
Roger,Male,11/19/2004,3:55 PM,51430,6.46,FALSE,Marketing,3322.378
Charles,Male,10/14/2000,9:40 PM,71749,15.931,FALSE,Legal,11430.33319
Clarence,Male,5/2/1998,3:16 AM,85700,1.215,FALSE,Sales,1041.255
Carol,Female,3/19/1996,3:39 AM,57783,9.129,FALSE,Finance,5275.01007
Lois,Female,10/18/2013,4:51 PM,36946,6.652,FALSE,Engineering,2457.64792
Barbara,,5/3/2003,7:32 PM,99326,16.475,TRUE,Legal,16363.9585
Rebecca,Female,2/18/1995,6:50 AM,109259,4.443,TRUE,Legal,4854.37737
Irene,Female,1/30/2004,8:25 PM,131038,8.996,FALSE,Distribution,11788.17848
Ronald,Male,4/30/2014,2:19 PM,121068,12.757,TRUE,Product,15444.64476
Steven,Male,11/10/1985,10:53 AM,62719,19.127,FALSE,Client Services,11996.26313
Carolyn,Female,11/6/2012,3:51 AM,69268,3.031,FALSE,Client Services,2099.51308
Maria,Female,12/27/1990,9:57 PM,36067,9.64,TRUE,Product,3476.8588
Jonathan,Male,7/17/2009,8:15 AM,130581,16.736,TRUE,,21854.03616
Gary,Male,8/12/1987,12:04 AM,89661,8.525,FALSE,Finance,7643.60025
Kimberly,Female,7/15/1997,5:57 AM,36643,7.953,FALSE,Marketing,2914.21779
Roger,Male,11/8/1982,2:32 AM,140558,5.084,TRUE,Sales,7145.96872
Diana,Female,1/4/2013,7:53 AM,103521,2.784,TRUE,Business Development,2882.02464
Willie,Male,6/6/2006,9:45 AM,55281,4.935,TRUE,Marketing,2728.11735
Brandon,Male,3/27/2006,5:54 PM,115711,8.012,TRUE,Finance,9270.76532
Patricia,Female,12/6/2012,4:01 AM,114079,8.399,TRUE,Client Services,9581.49521
Katherine,Female,11/14/1999,8:15 AM,57531,1.767,FALSE,Client Services,1016.57277
Jonathan,Male,10/12/1987,2:59 AM,141069,4.903,FALSE,Human Resources,6916.61307
Emily,Female,9/20/2007,11:25 AM,89434,11.295,FALSE,Engineering,10101.5703
Ruth,Female,8/12/1986,7:29 PM,44639,9.148,TRUE,Legal,4083.57572
Linda,Female,6/24/2006,12:04 PM,110967,19.612,TRUE,Human Resources,21762.84804
Lisa,Female,11/2/2009,9:42 AM,115387,1.821,FALSE,Client Services,2101.19727
Evelyn,Female,5/24/1980,11:10 PM,81673,15.364,TRUE,Engineering,12548.23972
Julie,Female,7/23/1989,1:52 PM,109588,3.55,FALSE,Engineering,3890.374
Mary,Female,5/30/2009,11:41 PM,92544,3.8,FALSE,Client Services,3516.672
Matthew,Male,7/31/2013,8:04 AM,142373,2.462,FALSE,Marketing,3505.22326
Douglas,Male,9/3/1999,4:00 PM,83341,1.015,TRUE,Client Services,845.91115
Gregory,,6/15/1992,5:08 AM,98865,10.628,TRUE,Finance,10507.3722
Billy,Male,3/13/1995,12:05 PM,120444,7.768,TRUE,Finance,9356.08992
Gregory,Male,1/29/2000,6:01 AM,109564,3.845,FALSE,Legal,4212.7358
Jason,Male,10/17/1999,10:09 PM,78417,3.067,FALSE,Finance,2405.04939
Daniel,Male,4/30/2010,3:48 AM,106947,15.866,TRUE,Legal,16968.21102
Sarah,Female,9/14/1995,7:50 AM,87298,2.311,FALSE,Distribution,2017.45678
Harry,Male,10/1/2015,7:47 PM,64579,15.266,TRUE,Sales,9858.63014
Kathy,Female,4/19/1995,12:46 AM,50905,9.404,TRUE,Finance,4787.1062
Todd,Male,4/13/1999,10:31 AM,59728,11.226,TRUE,Client Services,6705.06528
Bobby,Male,9/23/1994,1:29 AM,51685,17.445,TRUE,Engineering,9016.44825
Jeremy,Male,6/8/2000,12:15 AM,49542,1.679,TRUE,Distribution,831.81018
George,,2/24/1988,11:29 AM,38375,8.999,FALSE,Legal,3453.36625
Diane,Female,4/18/1993,3:22 AM,64084,17.018,FALSE,Product,10905.81512
Marilyn,Female,4/4/1997,9:28 PM,147663,10.263,FALSE,Human Resources,15154.65369
Kathryn,Female,2/4/2004,1:47 PM,73935,14.752,FALSE,Sales,10906.8912
Irene,Female,2/4/1982,5:26 PM,40837,12.182,TRUE,Client Services,4974.76334
Norma,Female,2/11/2015,11:44 PM,94393,3.643,TRUE,Engineering,3438.73699
Laura,Female,4/2/2006,1:57 PM,42087,2.624,FALSE,Product,1104.36288
Cheryl,Female,9/23/2008,2:57 AM,52080,9.375,FALSE,Legal,4882.5
Kevin,Male,3/25/1982,7:31 AM,35061,5.128,FALSE,Legal,1797.92808
Lillian,,5/12/2016,3:43 PM,64164,17.612,FALSE,Human Resources,11300.56368
Phyllis,,4/21/1984,7:05 PM,94088,19.107,FALSE,Distribution,17977.39416
Walter,Male,7/6/1983,11:54 PM,127813,5.961,FALSE,Finance,7618.93293
Robert,Male,10/27/1990,7:15 PM,38041,18.428,TRUE,Engineering,7010.19548
Jimmy,Male,10/7/1986,5:53 PM,126310,5.413,TRUE,Product,6837.1603
Clarence,Male,10/8/1996,12:53 PM,142561,8.866,FALSE,Client Services,12639.45826
Victor,Male,4/11/1991,7:44 AM,70817,17.138,FALSE,Engineering,12136.61746
Fred,,12/2/1984,2:03 PM,59937,12.045,TRUE,Human Resources,7219.41165
Brenda,,7/27/2010,11:07 PM,106115,3.742,TRUE,Product,3970.8233
Justin,Male,12/6/1992,5:58 PM,82782,4.366,TRUE,Distribution,3614.26212
Betty,Female,6/12/2002,3:59 AM,104896,19.55,TRUE,Business Development,20507.168
Randy,,2/6/1986,3:04 PM,133943,8.94,TRUE,Sales,11974.5042
Sharon,,3/1/1990,3:46 AM,83658,6.513,FALSE,Business Development,5448.64554
Ralph,Male,11/11/2004,1:35 AM,71896,4.232,TRUE,Marketing,3042.63872
Edward,Male,5/27/1985,10:13 PM,110485,7.995,FALSE,Client Services,8833.27575
Denise,Female,3/20/2009,7:57 AM,115118,5.108,FALSE,Human Resources,5880.22744
Debra,Female,3/13/1998,11:16 PM,48696,4.75,FALSE,Legal,2313.06
Michael,Male,1/24/2002,3:04 AM,43586,12.659,FALSE,,5517.55174
Henry,Male,2/6/1995,8:34 AM,89258,15.585,TRUE,Human Resources,13910.8593
Gloria,Female,3/27/2007,1:44 AM,90730,2.491,FALSE,Distribution,2260.0843
Marie,Female,8/6/1995,1:58 PM,100308,13.677,FALSE,Product,13719.12516
Anne,Female,7/16/1986,2:08 PM,69134,3.723,TRUE,Engineering,2573.85882
Sarah,,11/21/1985,1:08 PM,58295,14.603,TRUE,Engineering,8512.81885
Stephanie,Female,3/24/1983,11:15 AM,50141,13.218,TRUE,Human Resources,6627.63738
Roy,Male,9/23/2004,1:31 PM,101941,3.45,FALSE,Client Services,3516.9645
Irene,Female,3/3/1982,8:26 AM,56526,5.81,TRUE,Finance,3284.1606
Thomas,Male,4/6/2011,1:04 PM,103235,9.554,TRUE,Human Resources,9863.0719
Frank,,11/20/2001,10:18 AM,58563,12.062,TRUE,Marketing,7063.86906
Fred,Male,2/20/1980,2:25 AM,74129,18.225,FALSE,Product,13510.01025
Nicholas,Male,4/12/1994,8:21 PM,74669,1.113,TRUE,Product,831.06597
Howard,Male,10/5/1982,7:22 AM,97490,5.46,TRUE,Marketing,5322.954
Debra,Female,2/22/1994,10:25 PM,104250,18.456,TRUE,Business Development,19240.38
Christine,Female,7/3/1989,4:01 AM,94345,11.996,FALSE,Finance,11317.6262
Brenda,,5/29/1991,6:32 AM,82439,19.062,FALSE,Sales,15714.52218
Betty,Female,6/28/2005,6:03 PM,51613,12.984,FALSE,Distribution,6701.43192
Ruby,Female,11/8/2000,7:35 PM,105946,1.139,FALSE,Business Development,1206.72494
Kevin,Male,7/12/1997,2:07 AM,46080,9.635,FALSE,Business Development,4439.808
Arthur,Male,1/1/2014,7:46 PM,134610,6.147,TRUE,Human Resources,8274.4767
Carl,,2/7/2014,3:57 AM,125104,12.345,FALSE,Client Services,15444.0888
Todd,Male,3/11/2009,3:43 AM,107281,1.612,TRUE,Engineering,1729.36972
Brenda,Female,10/6/2005,9:33 PM,141521,4.337,FALSE,Client Services,6137.76577
Judy,Female,9/16/1997,12:10 AM,65931,2.304,FALSE,Human Resources,1519.05024
Todd,Male,2/2/1984,10:13 AM,69989,10.985,TRUE,Finance,7688.29165
Lois,Female,11/9/2011,7:06 AM,147183,9.999,TRUE,Client Services,14716.82817
Walter,,12/21/1999,10:33 PM,66757,18.099,FALSE,Distribution,12082.34943
Jessica,Female,9/27/1985,1:35 PM,75145,6.388,TRUE,Legal,4800.2626
Jeremy,Male,6/14/1988,6:20 PM,129460,13.657,TRUE,,17680.3522
Tammy,Female,11/11/1984,10:30 AM,132839,17.463,TRUE,Client Services,23197.67457
Anne,Female,3/7/2000,6:45 AM,44537,18.284,TRUE,Client Services,8143.14508
Jesse,Male,10/25/1999,3:35 PM,118733,9.653,FALSE,Marketing,11461.29649
Virginia,Female,10/20/1999,6:23 AM,46905,19.154,FALSE,Distribution,8984.1837
Jesse,Male,3/2/1981,7:26 PM,79582,3.873,FALSE,Legal,3082.21086
Jeremy,,11/10/1996,1:49 PM,55394,3.18,TRUE,Sales,1761.5292
Daniel,Male,9/15/2007,10:16 PM,123811,7.664,TRUE,Human Resources,9488.87504
Patrick,,8/30/2004,11:43 AM,137314,4.542,TRUE,Marketing,6236.80188
Emily,Female,1/13/1988,6:42 AM,36711,19.028,TRUE,Human Resources,6985.36908
Alan,Male,6/26/1988,3:54 AM,111786,3.592,TRUE,Engineering,4015.35312
James,Male,7/11/2015,8:52 PM,72257,13.023,FALSE,Engineering,9410.02911
Adam,Male,7/5/2007,11:59 AM,71276,5.027,TRUE,Human Resources,3583.04452
Joan,,7/25/1980,12:22 PM,38712,3.657,FALSE,Client Services,1415.69784
Jeremy,Male,8/12/1981,12:05 AM,46930,18.702,TRUE,Finance,8776.8486
Margaret,Female,2/6/1993,1:05 PM,125220,3.733,FALSE,Marketing,4674.4626
Mark,Male,4/1/1984,1:21 PM,121477,17.44,TRUE,Business Development,21185.5888
Marilyn,Female,9/26/1981,2:23 AM,86386,2.937,FALSE,Distribution,2537.15682
Cheryl,Female,9/8/2009,10:16 AM,81308,2.196,TRUE,Legal,1785.52368
Benjamin,Male,9/11/1984,6:37 AM,84810,15.794,FALSE,Marketing,13394.8914
Harold,Male,2/20/1990,11:00 PM,66775,2.158,TRUE,Legal,1441.0045
Ernest,,1/18/2002,1:51 AM,72145,13.448,TRUE,Finance,9702.0596
Gerald,Male,4/16/2001,10:09 PM,121604,1.923,TRUE,Sales,2338.44492
Judy,Female,7/1/1991,2:33 AM,109510,13.457,TRUE,Legal,14736.7607
Bobby,Male,3/31/1996,5:40 PM,112117,6.338,FALSE,,7105.97546
Bobby,,9/1/1995,2:09 PM,108127,15.858,FALSE,Client Services,17146.77966
Marie,Female,10/3/2013,8:05 PM,123711,10.966,FALSE,Product,13566.14826
Kathy,Female,12/18/2013,3:09 PM,132381,8.34,FALSE,Business Development,11040.5754
Roy,Male,8/6/2006,7:52 AM,148225,1.841,FALSE,Finance,2728.82225
Jacqueline,Female,11/25/1981,3:01 PM,145988,18.243,FALSE,Marketing,26632.59084
Julie,Female,3/23/1986,9:26 AM,56926,7.507,FALSE,Sales,4273.43482
Douglas,Male,1/8/2002,6:42 PM,41428,14.372,FALSE,Product,5954.03216
Linda,Female,12/16/1990,2:20 AM,115658,3.041,TRUE,Sales,3517.15978
Ruby,Female,12/10/1988,8:27 PM,76707,6.031,FALSE,Business Development,4626.19917
Russell,Male,1/2/2005,1:48 AM,60388,17.885,FALSE,Client Services,10800.3938
Jeffrey,Male,6/18/1997,8:01 PM,45150,12.075,TRUE,Product,5451.8625
Aaron,Male,1/29/1994,6:48 PM,58755,5.097,TRUE,Marketing,2994.74235
Samuel,Male,12/19/1991,2:54 AM,76076,5.319,TRUE,Finance,4046.48244
Randy,Male,3/16/2014,6:24 PM,135119,7.887,FALSE,Client Services,10656.83553
Evelyn,Female,9/3/1983,1:58 PM,36759,17.269,TRUE,Marketing,6347.91171
Fred,Male,2/13/1987,2:15 PM,121723,18.645,TRUE,Product,22695.25335
Shirley,Female,6/8/1986,2:25 AM,110061,7.494,FALSE,Client Services,8247.97134
Todd,Male,5/23/2011,4:14 PM,85074,1.844,FALSE,Client Services,1568.76456
Robert,Male,11/18/2014,5:00 AM,85799,19.93,FALSE,Finance,17099.7407
Mark,Male,1/22/2007,2:37 PM,75150,12.182,TRUE,Legal,9154.773
Earl,Male,1/5/2000,5:46 PM,91344,4.035,TRUE,Sales,3685.7304
Richard,Male,9/27/2005,1:41 AM,86326,10.717,FALSE,Product,9251.55742
Michael,Male,11/22/1991,12:57 PM,98753,16.443,TRUE,Human Resources,16237.95579
Steven,Male,5/12/2009,2:14 PM,113060,2.846,TRUE,Sales,3217.6876
Carlos,Male,9/19/2007,1:01 AM,77327,11.58,TRUE,Finance,8954.4666
Marie,Female,10/20/2011,10:09 PM,62666,10.247,FALSE,Product,6421.38502
Ronald,Male,2/24/2009,2:09 PM,96633,4.99,TRUE,Engineering,4821.9867
Scott,Male,5/12/2009,4:36 AM,58248,3.914,FALSE,Business Development,2279.82672
Steven,Male,11/21/2006,8:30 AM,83706,6.96,TRUE,Human Resources,5825.9376
James,Male,11/22/1998,3:48 AM,74086,5.778,TRUE,Human Resources,4280.68908
Lori,Female,3/31/1988,10:59 PM,95389,14.223,FALSE,Sales,13567.17747
Philip,Male,8/2/1989,11:21 AM,129968,19.897,FALSE,Finance,25859.73296
Phyllis,Female,11/24/2005,11:57 PM,140347,8.723,FALSE,Sales,12242.46881
Thomas,,8/31/1995,8:31 PM,41549,3.95,FALSE,Sales,1641.1855
Cynthia,Female,12/3/2012,11:03 PM,74287,10.751,FALSE,Sales,7986.59537
Elizabeth,Female,11/10/2005,4:56 AM,106406,1.782,TRUE,Legal,1896.15492
Andrea,Female,9/14/2003,10:30 PM,115913,12.121,FALSE,Legal,14049.81473
Judy,Female,2/1/1990,3:32 PM,38092,5.668,FALSE,Distribution,2159.05456
Russell,Male,8/13/2014,3:51 PM,121160,7.843,FALSE,Engineering,9502.5788
Scott,Male,12/17/2011,3:45 AM,90429,4.45,FALSE,Product,4024.0905
Sarah,Female,5/22/1994,7:06 AM,64207,7.824,TRUE,Client Services,5023.55568
Susan,Female,9/25/2004,1:30 AM,80688,18.892,TRUE,Sales,15243.57696
Margaret,Female,5/5/2014,6:01 AM,55044,4.078,FALSE,Sales,2244.69432
Joshua,Male,11/9/2009,6:32 AM,72893,9.555,FALSE,Distribution,6964.92615
Justin,,4/15/2005,8:43 PM,96978,13.865,FALSE,Finance,13445.9997
Juan,Male,4/16/2002,11:09 PM,97364,3.595,FALSE,Product,3500.2358
Gloria,,7/19/1983,1:57 AM,140885,1.113,FALSE,Human Resources,1568.05005
Jennifer,,1/24/1989,8:38 PM,58520,16.231,TRUE,Client Services,9498.3812
Edward,Male,8/4/1989,6:06 AM,66067,10.957,TRUE,,7238.96119
Marilyn,Female,12/17/1982,12:10 PM,147183,8.748,FALSE,Business Development,12875.56884
Mary,Female,10/18/2009,6:32 PM,87721,12.484,FALSE,Product,10951.08964
Linda,Female,7/15/2009,10:12 PM,144001,2.194,FALSE,Business Development,3159.38194
Larry,Male,8/27/2003,1:00 PM,91133,5.14,FALSE,Sales,4684.2362
Albert,Male,2/1/1997,4:20 PM,67827,19.717,TRUE,Engineering,13373.44959
Kenneth,Male,4/13/1999,10:28 PM,81839,12.072,FALSE,Sales,9879.60408
Gregory,,7/9/2011,11:31 PM,137661,4.805,TRUE,Sales,6614.61105
Brandon,Male,10/16/2015,2:44 AM,112548,4.664,FALSE,Engineering,5249.23872
Stephen,Male,4/9/1987,12:47 PM,111249,10.574,TRUE,Human Resources,11763.46926
Russell,Male,10/30/1994,5:46 AM,114334,9.669,FALSE,Product,11054.95446
Pamela,,7/15/2001,1:33 PM,72979,5.66,FALSE,Sales,4130.6114
Scott,Male,8/3/1996,1:50 AM,64172,10.894,TRUE,Engineering,6990.89768
Carlos,Male,7/28/2010,3:08 PM,50167,2.362,FALSE,Product,1184.94454
Jack,Male,12/24/1980,10:58 PM,106995,15.723,FALSE,Product,16822.82385
Debra,Female,1/19/2010,8:48 AM,70492,8.895,FALSE,Client Services,6270.2634
Phyllis,Female,1/15/1995,5:27 AM,125881,16.697,FALSE,Sales,21018.35057
Robert,Male,10/29/1994,4:26 AM,123294,19.894,FALSE,Client Services,24528.10836
Gloria,Female,9/19/1989,7:40 PM,131045,11.312,TRUE,Product,14823.8104
Sharon,,10/28/1984,5:59 PM,97635,10.413,TRUE,Client Services,10166.73255
Barbara,,4/26/2001,12:22 AM,94493,13.443,TRUE,Sales,12702.69399
Marilyn,Female,8/15/1989,9:14 AM,140502,9.989,TRUE,Sales,14034.74478
Ralph,Male,10/27/2010,10:28 AM,106310,4.03,TRUE,Client Services,4284.293
Harry,,12/5/1996,5:45 AM,46240,6.976,TRUE,Engineering,3225.7024
Robin,Female,1/8/1998,2:12 AM,111163,5.025,TRUE,Product,5585.94075
Kathy,Female,11/25/2001,9:55 PM,93753,7.094,TRUE,Sales,6650.83782
Rose,Female,7/6/2002,3:57 PM,63494,19.385,TRUE,Human Resources,12308.3119
Clarence,Male,1/13/2005,9:00 AM,116693,13.835,TRUE,Distribution,16144.47655
Doris,Female,7/29/1992,6:40 PM,85215,7.425,TRUE,Human Resources,6327.21375
Kathryn,Female,6/9/1988,9:29 AM,86439,7.799,FALSE,Finance,6741.37761
Billy,,3/16/2004,8:21 AM,62913,18.241,TRUE,Marketing,11475.96033
Norma,Female,4/16/1996,5:40 AM,38872,9.302,TRUE,Business Development,3615.87344
Richard,,11/28/1992,5:05 PM,124655,14.272,TRUE,Engineering,17790.7616
Craig,Male,2/8/1984,4:45 AM,113506,19.642,FALSE,Marketing,22294.84852
Sarah,,7/20/1990,10:49 PM,109980,8.86,FALSE,Sales,9744.228
Sharon,Female,3/9/2014,4:39 PM,91522,7.564,FALSE,Finance,6922.72408
Mary,Female,8/22/2010,8:03 AM,42214,17.538,TRUE,Business Development,7403.49132
Steve,,2/23/2002,3:55 AM,83159,9.55,TRUE,Distribution,7941.6845
Joe,Male,12/5/2010,4:20 PM,144082,1.62,TRUE,Client Services,2334.1284
Jeremy,Male,5/29/1994,6:24 AM,47885,19.276,TRUE,Human Resources,9230.3126
Ernest,Male,8/14/2012,11:25 AM,126232,6.191,TRUE,Sales,7815.02312
Kevin,Male,6/23/1981,8:26 PM,134598,11.699,FALSE,Business Development,15746.62002
Jacqueline,Female,2/11/2007,2:01 AM,66604,14.609,FALSE,Legal,9730.17836
Johnny,Male,9/14/1992,8:21 AM,115194,5.861,TRUE,Marketing,6751.52034
Gary,Male,8/18/2011,8:12 AM,49101,11.9,TRUE,Business Development,5843.019
Shirley,,11/16/1990,6:01 PM,67811,12.699,FALSE,Finance,8611.31889
Sarah,,8/31/1981,2:51 PM,37748,9.047,FALSE,Human Resources,3415.06156
Julia,Female,3/2/1982,12:52 PM,36403,2.664,TRUE,Finance,969.77592
Dorothy,Female,11/5/2013,10:50 PM,140136,3.12,TRUE,Business Development,4372.2432
Justin,Male,5/22/1986,6:30 AM,121508,19.334,TRUE,Finance,23492.35672
Kevin,Male,11/20/1986,6:59 PM,79906,18.021,TRUE,Sales,14399.86026
Victor,Male,9/24/2005,12:04 PM,123144,16.261,TRUE,Product,20024.44584
Deborah,Female,11/25/1980,4:33 AM,46953,17.436,FALSE,Client Services,8186.72508
Matthew,,6/9/2003,7:35 AM,79443,14.637,FALSE,Human Resources,11628.07191
Alice,Female,5/2/1986,1:50 AM,51395,2.378,TRUE,Finance,1222.1731
Todd,Male,3/16/2016,2:45 PM,134408,3.56,TRUE,Human Resources,4784.9248
Frank,Male,1/10/1981,1:30 PM,71853,8.037,TRUE,Sales,5774.82561
Christopher,Male,5/13/1999,10:48 AM,68028,7.869,TRUE,Finance,5353.12332
Rose,Female,5/28/2015,8:40 AM,149903,5.63,FALSE,Human Resources,8439.5389
Andrea,Female,10/1/2010,11:54 AM,79123,19.422,FALSE,Distribution,15367.26906
Charles,Male,12/16/1999,8:28 PM,104014,7.077,FALSE,Legal,7361.07078
Jessica,,3/7/2015,8:45 PM,121160,12.993,FALSE,Client Services,15742.3188
Wanda,Female,7/20/2008,1:44 PM,65362,7.132,TRUE,Legal,4661.61784
Joyce,Female,2/7/1995,7:38 AM,50701,14.227,TRUE,,7213.23127
Billy,Male,12/1/2006,3:32 PM,144709,10.069,TRUE,Distribution,14570.74921
Kathryn,Female,8/29/2007,6:10 AM,53061,11.864,TRUE,Finance,6295.15704
Denise,Female,3/18/2001,12:02 AM,36697,11.196,TRUE,Sales,4108.59612
Jason,Male,11/20/1998,2:54 PM,69244,6.22,TRUE,,4306.9768
Nicholas,Male,3/1/2013,9:26 PM,101036,2.826,TRUE,Human Resources,2855.27736
Aaron,Male,7/22/1990,2:53 PM,52119,11.343,TRUE,Client Services,5911.85817
Louise,Female,5/13/2003,9:47 AM,46666,1.886,TRUE,Business Development,880.12076
Julie,Female,4/23/1998,5:52 AM,73437,2.518,TRUE,Finance,1849.14366
Kathy,Female,5/8/1987,6:19 PM,86318,18.492,TRUE,Sales,15961.92456
Chris,Male,12/12/2006,1:57 AM,71642,1.496,FALSE,,1071.76432
Cheryl,Female,8/16/1994,8:33 AM,67150,15.85,TRUE,Marketing,10643.275
Gregory,Male,5/15/2009,3:52 PM,142208,11.204,TRUE,Engineering,15932.98432
Wayne,Male,1/30/1992,3:01 PM,81183,17.066,FALSE,Client Services,13854.69078
Beverly,Female,11/30/2005,2:57 AM,107163,3.665,TRUE,Human Resources,3927.52395
Willie,Male,8/22/2009,1:03 PM,55038,19.691,FALSE,Legal,10837.53258
Terry,,7/15/2016,12:29 AM,140002,19.49,TRUE,Marketing,27286.3898
Scott,Male,11/17/2012,2:47 PM,146812,1.965,TRUE,Marketing,2884.8558
Annie,Female,12/19/1994,6:19 AM,40119,4.338,TRUE,Human Resources,1740.36222
Ruth,Female,10/24/2000,4:13 AM,69579,18.029,TRUE,Human Resources,12544.39791
Deborah,,2/3/1983,11:38 PM,101457,6.662,FALSE,Engineering,6759.06534
Patricia,Female,1/9/2015,4:16 AM,121232,16.624,FALSE,Legal,20153.60768
Albert,Male,9/30/2007,5:34 PM,102626,15.843,FALSE,Finance,16259.03718
Charles,,3/1/1987,1:00 PM,137171,5.574,TRUE,Marketing,7645.91154
Tina,Female,1/17/2005,9:11 AM,88276,14.248,FALSE,Legal,12577.56448
Jeremy,Male,8/9/2001,3:56 AM,43354,13.946,FALSE,Marketing,6046.14884
Craig,Male,4/14/1996,9:17 AM,125556,7.996,FALSE,Engineering,10039.45776
Jose,Male,7/11/2002,9:15 AM,59862,3.269,FALSE,Product,1956.88878
Lawrence,Male,5/13/2005,1:25 AM,74640,18.641,FALSE,Marketing,13913.6424
Helen,Female,10/31/1997,2:43 AM,52875,4.188,FALSE,Legal,2214.405
Walter,Male,8/4/2007,1:59 PM,58789,5.461,FALSE,Sales,3210.46729
Amy,Female,6/19/2002,3:06 AM,122897,8.222,TRUE,Engineering,10104.59134
Janice,Female,6/28/1997,1:48 PM,136032,10.696,TRUE,Marketing,14549.98272
Stephen,Male,5/9/2015,7:07 PM,141958,9.078,TRUE,Legal,12886.94724
Ryan,Male,7/20/1993,10:18 PM,139917,11.466,FALSE,Distribution,16042.88322
Sharon,Female,3/12/2002,6:32 AM,147635,14.693,FALSE,Human Resources,21692.01055
Joshua,Male,7/10/1984,7:22 PM,68230,8.047,FALSE,Client Services,5490.4681
Clarence,Male,8/20/1992,8:23 PM,124365,8.457,FALSE,Business Development,10517.54805
Jonathan,Male,8/15/2002,12:01 AM,104749,11.364,FALSE,Engineering,11903.67636
Stephanie,Female,11/26/1992,12:54 AM,122121,7.937,TRUE,Engineering,9692.74377
Kathy,Female,10/25/1996,12:59 PM,143541,8.461,FALSE,Human Resources,12145.00401
Albert,Male,8/14/2008,5:43 PM,137840,9.705,FALSE,Business Development,13377.372
Michael,Male,5/22/2011,10:42 AM,73354,18.357,FALSE,Business Development,13465.59378
Richard,Male,7/4/1997,11:47 AM,47647,18.787,TRUE,,8951.44189
Amy,Female,3/30/2008,10:54 PM,106249,15.967,FALSE,Sales,16964.77783
Beverly,,5/3/1995,5:49 AM,104815,3.38,FALSE,Product,3542.747
Joe,Male,4/14/2000,3:14 PM,50645,11.119,FALSE,Marketing,5631.21755
Ashley,Female,8/15/1997,9:48 PM,142415,1.985,TRUE,Finance,2826.93775
Howard,Male,4/9/2012,6:36 AM,37984,2.021,FALSE,Distribution,767.65664
Cheryl,Female,12/3/2014,9:27 AM,71751,15.918,FALSE,Business Development,11421.32418
Robert,Male,3/11/2007,11:20 AM,135882,19.944,FALSE,Legal,27100.30608
Sharon,Female,7/1/2011,9:50 AM,46007,19.731,TRUE,Client Services,9077.64117
Judith,Female,11/23/2007,1:22 PM,117055,7.461,FALSE,Marketing,8733.47355
Nicholas,,9/9/1989,7:12 PM,58478,6.525,TRUE,Distribution,3815.6895
Jerry,Male,1/30/1995,7:51 PM,121357,18.845,FALSE,Business Development,22869.72665
Craig,Male,11/1/2005,11:31 PM,44857,13.266,FALSE,Finance,5950.72962
Barbara,Female,3/21/2002,8:02 AM,47322,7.25,TRUE,Sales,3430.845
Eugene,Male,5/24/1984,10:54 AM,81077,2.117,FALSE,Sales,1716.40009
Johnny,Male,2/26/2016,7:39 PM,76394,5.437,TRUE,Marketing,4153.54178
Benjamin,Male,5/5/2013,3:28 PM,114356,7.123,FALSE,Client Services,8145.57788
Diana,Female,6/13/1994,4:21 PM,41831,4.548,FALSE,Business Development,1902.47388
Barbara,,12/10/1980,11:04 PM,90187,14.764,TRUE,Distribution,13315.20868
Christine,Female,2/1/2003,1:11 PM,72613,11.126,FALSE,Legal,8078.92238
Sean,Male,2/11/2013,7:07 PM,42748,9.765,FALSE,Distribution,4174.3422
Sarah,Female,11/3/1980,2:47 PM,37259,1.763,FALSE,Client Services,656.87617
Roger,Male,8/3/2015,4:56 PM,125033,4.887,TRUE,Marketing,6110.36271
Donald,Male,7/14/1995,7:51 AM,106472,6.499,TRUE,Client Services,6919.61528
Clarence,Male,11/3/2015,12:11 AM,103684,18.654,TRUE,Engineering,19341.21336
Scott,Male,11/23/1996,7:36 PM,96111,15.592,FALSE,Human Resources,14985.62712
Ann,Female,11/4/1984,12:17 PM,90719,6.22,FALSE,Business Development,5642.7218
Frank,Male,4/27/2003,12:04 PM,140303,17.07,FALSE,Legal,23949.7221
Joe,Male,7/4/1983,7:32 AM,62161,8.13,TRUE,Business Development,5053.6893
Wanda,Female,4/6/1993,3:11 AM,78883,19.695,FALSE,,15536.00685
Jimmy,Male,11/19/2013,7:29 PM,63549,19.624,FALSE,,12470.85576
Amy,,12/25/1984,10:52 AM,63888,18.115,TRUE,Product,11573.3112
Larry,Male,1/8/1999,2:05 AM,97370,10.458,FALSE,Sales,10182.9546
Gloria,Female,4/12/1992,8:26 PM,66224,15.979,TRUE,Legal,10581.93296
Ruth,Female,12/12/1996,10:07 AM,97915,3.997,TRUE,Human Resources,3913.66255
Diana,Female,1/19/1995,12:37 AM,86883,18.003,TRUE,Product,15641.54649
Raymond,Male,2/16/2009,10:38 PM,37812,3.178,FALSE,Human Resources,1201.66536
Peter,Male,2/22/2003,9:09 AM,56580,8.411,TRUE,,4758.9438
Catherine,Female,8/31/2013,7:24 PM,58047,14.858,TRUE,Distribution,8624.62326
Diane,Female,7/5/1982,4:56 PM,124889,15.026,TRUE,Sales,18765.82114
Peter,,10/13/2014,9:33 PM,118840,14.509,TRUE,Client Services,17242.4956
Steve,Male,8/22/1995,6:58 AM,67780,9.54,TRUE,Human Resources,6466.212
Barbara,Female,3/22/2004,8:11 AM,144677,8.696,FALSE,Finance,12581.11192
Helen,,12/2/1993,1:42 PM,45724,1.022,FALSE,Product,467.29928
Jimmy,,8/26/1983,2:48 AM,86676,7.175,TRUE,Product,6219.003
Christopher,Male,4/23/2014,7:52 AM,82401,7.252,FALSE,Client Services,5975.72052
Kathleen,Female,6/13/2014,9:16 AM,35575,14.595,FALSE,Distribution,5192.17125
Virginia,Female,5/2/2010,9:10 PM,123649,10.154,TRUE,Marketing,12555.31946
Lisa,Female,2/26/2005,6:33 PM,38078,10.28,TRUE,Product,3914.4184
Earl,Male,2/11/2014,9:03 PM,52620,13.773,FALSE,Product,7247.3526
Gerald,,1/8/1992,3:50 PM,133366,12.292,FALSE,Legal,16393.34872
Louise,Female,9/18/1981,5:47 AM,91462,8.205,FALSE,Marketing,7504.4571
Clarence,Male,8/26/1982,9:47 AM,146589,4.905,TRUE,Business Development,7190.19045
Cynthia,Female,9/14/1991,1:08 PM,51633,13.472,TRUE,Business Development,6955.99776
Adam,Male,10/8/2010,9:53 PM,45181,3.491,FALSE,Human Resources,1577.26871
Justin,Male,9/6/1999,10:30 AM,62454,3.459,TRUE,Sales,2160.28386
Ruby,Female,5/1/1999,3:36 AM,147362,7.851,TRUE,Engineering,11569.39062
Amanda,Female,8/1/2004,1:32 PM,80803,14.077,TRUE,Distribution,11374.63831
Anna,Female,4/15/2008,2:34 PM,117293,2.366,FALSE,Client Services,2775.15238
Roger,Male,7/3/2010,5:11 PM,105689,13.32,TRUE,Marketing,14077.7748
Julie,,2/4/1999,5:35 PM,93302,9.048,TRUE,Product,8441.96496
Joseph,Male,9/10/1992,6:50 PM,102555,3.672,TRUE,Product,3765.8196
Evelyn,Female,9/22/1998,7:55 PM,51525,10.366,FALSE,Finance,5341.0815
Janice,Female,1/2/1984,9:06 PM,41190,3.311,TRUE,Sales,1363.8009
Sara,Female,2/25/1980,10:50 PM,75484,3.186,FALSE,Finance,2404.92024
Gregory,Male,6/18/1984,3:46 AM,82726,16.304,TRUE,Marketing,13487.64704
Philip,Male,7/18/1985,6:36 AM,122319,19.122,FALSE,Engineering,23389.83918
Barbara,Female,9/2/1991,3:41 PM,127297,11.905,TRUE,Product,15154.70785
Amanda,Female,6/7/2002,7:46 AM,109290,13.853,FALSE,Engineering,15139.9437
Phyllis,,10/25/1985,7:11 AM,99150,6.007,FALSE,Client Services,5955.9405
Anne,Female,10/26/1996,8:09 PM,71930,18.451,TRUE,Product,13271.8043
Arthur,Male,12/16/2014,4:56 PM,66819,6.639,TRUE,Marketing,4436.11341
Jane,Female,6/1/1994,8:39 AM,42424,18.115,FALSE,Distribution,7685.1076
Linda,Female,8/18/1985,4:34 AM,51431,13.295,FALSE,Engineering,6837.75145
Ashley,Female,11/17/1999,9:18 PM,120675,6.51,FALSE,Human Resources,7855.9425
Shawn,Male,12/3/2009,10:24 AM,96610,2.097,TRUE,Client Services,2025.9117
Kathleen,Female,9/20/1996,3:45 PM,71430,8.572,FALSE,Engineering,6122.9796
Sara,,10/7/1983,1:35 PM,87713,18.863,TRUE,Legal,16545.30319
Randy,Male,5/2/2002,7:39 PM,86723,14.842,FALSE,Engineering,12871.42766
Andrew,Male,3/29/1985,6:57 PM,43414,7.563,TRUE,Client Services,3283.40082
Marilyn,Female,8/9/2006,11:24 AM,87145,17.33,FALSE,Human Resources,15102.2285
Johnny,Male,1/8/1995,1:35 PM,91124,12.986,TRUE,Distribution,11833.36264
Susan,Female,4/18/1986,9:31 AM,90829,19.142,FALSE,Marketing,17386.48718
Ruby,Female,7/7/1980,3:42 AM,101262,6.773,FALSE,Client Services,6858.47526
Kelly,Female,8/16/1996,3:09 AM,41427,1.431,FALSE,Product,592.82037
Jonathan,Male,4/6/1995,10:38 PM,56993,18.623,FALSE,Marketing,10613.80639
Raymond,Male,1/13/1996,4:14 PM,114244,16.69,FALSE,Human Resources,19067.3236
Kimberly,Female,12/30/1981,4:51 AM,81800,5.435,TRUE,,4445.83
John,Male,1/22/1995,12:17 AM,66077,5.809,TRUE,Product,3838.41293
Michael,Male,7/30/1993,5:35 PM,35013,14.879,FALSE,Product,5209.58427
Jerry,Male,5/4/2003,4:29 AM,98393,11.393,FALSE,Client Services,11209.91449
Amanda,Female,3/17/1982,11:46 PM,107111,1.438,TRUE,Product,1540.25618
Harold,Male,10/18/2010,8:45 PM,65673,1.187,TRUE,Legal,779.53851
Harry,Male,1/27/1985,8:18 PM,65482,18.089,FALSE,,11845.03898
Ernest,Male,1/28/1990,12:08 AM,81919,15.118,FALSE,Marketing,12384.51442
Harry,Male,11/19/1982,11:25 AM,59277,10.2,FALSE,Finance,6046.254
Diane,Female,2/2/1988,6:14 PM,49501,13.506,FALSE,Business Development,6685.60506
Jack,Male,5/30/2012,3:17 AM,70367,18.266,TRUE,Legal,12853.23622
Shirley,Female,4/16/1988,11:09 AM,132156,2.754,FALSE,Marketing,3639.57624
Rose,Female,10/30/2004,4:34 PM,56961,7.585,FALSE,Marketing,4320.49185
Cheryl,Female,7/23/1982,6:28 AM,98841,8.945,TRUE,Client Services,8841.32745
Cynthia,Female,5/23/1980,3:19 AM,78226,2.419,FALSE,Human Resources,1892.28694
Sandra,Female,4/24/1995,7:14 PM,116931,9.657,TRUE,Human Resources,11292.02667
Andrea,Female,10/30/1994,11:23 AM,87575,13.346,TRUE,Business Development,11687.7595
Rachel,Female,4/22/1988,12:01 PM,110924,7.808,FALSE,Distribution,8660.94592
Justin,Male,5/24/1981,11:15 PM,78351,15.221,FALSE,Sales,11925.80571
Marie,Female,11/23/2000,5:06 AM,125574,4.644,FALSE,Sales,5831.65656
Louis,Male,4/15/2011,5:02 AM,95198,2.075,FALSE,Business Development,1975.3585
Nancy,Female,5/7/1985,10:20 PM,121006,3.512,TRUE,Finance,4249.73072
Mark,Male,10/3/1984,5:31 AM,95728,6.752,TRUE,Business Development,6463.55456
Teresa,Female,6/24/1987,7:37 PM,69740,8.294,FALSE,Distribution,5784.2356
Frances,Female,7/21/2001,2:34 AM,91996,11.506,FALSE,Product,10585.05976
Barbara,,12/20/1994,10:09 AM,90556,15.749,TRUE,Distribution,14261.66444
Christine,,6/15/1980,6:00 PM,50366,9.862,TRUE,Marketing,4967.09492
Bobby,,7/21/2003,3:50 PM,84232,15.704,TRUE,Engineering,13227.79328
Carl,,10/26/1991,8:11 AM,100888,12.49,TRUE,Business Development,12600.9112
Bruce,Male,3/15/2013,11:13 PM,141335,15.427,TRUE,Engineering,21803.75045
Rose,Female,5/20/1982,9:14 AM,97691,2.142,FALSE,Client Services,2092.54122
Mildred,Female,2/21/1981,3:30 AM,47266,10.256,FALSE,Client Services,4847.60096
Todd,Male,2/16/2010,11:29 AM,103405,15.91,FALSE,Sales,16451.7355
Alan,Male,2/17/2012,12:26 AM,41453,10.084,FALSE,Product,4180.12052
Elizabeth,,2/16/1981,3:58 AM,52730,12.525,FALSE,Marketing,6604.4325
Julie,,10/21/2000,1:15 AM,60361,7.099,TRUE,Distribution,4285.02739
Teresa,,1/3/1992,3:47 PM,63103,11.378,FALSE,Finance,7179.85934
Eric,Male,11/12/2004,9:16 PM,65168,11.513,FALSE,Distribution,7502.79184
Edward,Male,8/30/2001,1:24 AM,73105,6.083,TRUE,Engineering,4446.97715
Kimberly,Female,12/6/1986,2:23 PM,37916,12.929,TRUE,Distribution,4902.15964
Kathy,Female,1/14/2001,5:11 AM,45682,1.451,TRUE,Marketing,662.84582
Peter,Male,11/24/1992,5:43 PM,69297,1.268,FALSE,Finance,878.68596
Beverly,Female,10/22/1990,2:45 PM,59070,19.064,TRUE,Engineering,11261.1048
Ralph,Male,3/7/2012,2:25 AM,81215,8.4,FALSE,Finance,6822.06
Justin,Male,8/10/1997,11:00 PM,128036,18.824,FALSE,Client Services,24101.49664
Irene,Female,6/23/2005,11:03 AM,89780,8.999,TRUE,Sales,8079.3022
Irene,Female,11/29/2006,2:14 PM,125018,9.601,TRUE,Legal,12002.97818
Jeremy,Male,11/26/1997,8:22 AM,133033,12.2,FALSE,Sales,16230.026
Cynthia,Female,6/29/2015,6:38 AM,82408,8.701,TRUE,Marketing,7170.32008
Anne,Female,11/21/1984,12:30 PM,128305,16.636,FALSE,Marketing,21344.8198
Debra,Female,3/12/1983,12:19 PM,74911,19.513,FALSE,Marketing,14617.38343
Michael,Male,7/13/1988,1:48 PM,47079,2.617,FALSE,Legal,1232.05743
Jason,,3/6/2008,1:20 AM,82873,1.869,FALSE,Client Services,1548.89637
Rebecca,Female,2/23/1990,3:21 PM,134673,6.878,FALSE,Engineering,9262.80894
Andrea,Female,11/17/2011,2:37 PM,123591,6.5,TRUE,Engineering,8033.415
Carl,Male,3/30/1987,5:59 PM,75598,19.289,FALSE,,14582.09822
Randy,Male,9/27/2000,3:04 AM,89831,13.047,TRUE,,11720.25057
Marilyn,Female,7/2/1984,4:06 PM,92430,2.924,FALSE,Engineering,2702.6532
Wayne,Male,9/2/2009,1:37 AM,126956,18.396,FALSE,Human Resources,23354.82576
Frances,Female,11/12/1996,6:08 PM,112467,1.433,FALSE,Business Development,1611.65211
Amanda,,8/11/1991,2:15 PM,46665,19.391,TRUE,Client Services,9048.81015
Kathleen,Female,8/28/2004,10:49 AM,42553,3.756,TRUE,Distribution,1598.29068
Amanda,Female,1/25/1995,5:06 AM,102081,5.203,FALSE,Sales,5311.27443
Amanda,,3/16/2010,9:17 AM,135118,15.108,FALSE,Finance,20413.62744
Shawn,Male,9/29/1987,10:11 PM,71975,9.77,FALSE,Human Resources,7031.9575
Katherine,Female,8/13/1996,12:21 AM,149908,18.912,FALSE,Finance,28350.60096
Anna,,3/13/1985,9:19 AM,45418,10.162,FALSE,Marketing,4615.37716
Elizabeth,Female,2/21/2010,7:02 AM,79145,19.78,FALSE,Finance,15654.881
Donald,Male,4/6/1988,10:00 AM,122920,5.32,FALSE,,6539.344
Gregory,Male,11/15/1999,5:22 PM,128031,15.857,TRUE,Business Development,20301.87567
Ruth,Female,2/17/2004,5:38 AM,59969,14.064,TRUE,Finance,8434.04016
Cynthia,Female,7/5/1986,1:24 AM,35381,11.749,FALSE,Finance,4156.91369
Deborah,Female,11/21/1985,1:40 PM,113129,17.371,FALSE,Client Services,19651.63859
Willie,Male,12/5/2009,5:39 AM,141932,1.017,TRUE,Engineering,1443.44844
Debra,Female,5/28/2006,6:51 AM,42296,16.922,FALSE,Product,7157.32912
Carl,Male,12/14/1984,8:49 PM,63395,11.411,FALSE,Legal,7234.00345
Walter,Male,9/24/2007,11:16 PM,125382,13.613,TRUE,Client Services,17068.25166
Lisa,Female,2/9/1982,6:44 PM,113592,17.108,TRUE,Marketing,19433.31936
Rebecca,Female,3/5/2000,10:33 AM,46750,11.367,TRUE,Sales,5314.0725
Jessica,Female,10/19/1986,9:58 PM,90285,13.591,TRUE,Client Services,12270.63435
Steve,,8/27/2009,3:41 PM,53692,4.785,TRUE,Marketing,2569.1622
Mary,,12/24/1986,7:02 PM,100341,6.662,FALSE,Distribution,6684.71742
Craig,Male,8/21/1995,2:38 AM,123876,4.225,FALSE,Engineering,5233.761
Katherine,Female,12/19/2000,1:40 AM,41643,4.659,TRUE,Distribution,1940.14737
Andrea,Female,8/31/1989,11:10 PM,113760,12.866,TRUE,Distribution,14636.3616
Timothy,Male,10/6/2010,10:49 PM,49473,12.463,FALSE,Legal,6165.81999
Anthony,Male,2/13/2013,1:35 PM,146141,3.645,TRUE,Distribution,5326.83945
Harold,,2/4/2004,11:02 AM,79459,7.776,TRUE,Business Development,6178.73184
Douglas,,2/4/2009,2:03 AM,104496,14.771,TRUE,Marketing,15435.10416
James,Male,12/5/2001,7:06 AM,67789,17.105,TRUE,Legal,11595.30845
Joseph,,3/28/1982,1:05 PM,86564,11.879,TRUE,,10282.93756
Martha,Female,9/14/2001,3:22 AM,135758,14.782,TRUE,Client Services,20067.74756
Laura,Female,7/12/2000,6:07 PM,84672,3.96,FALSE,Distribution,3353.0112
Robert,Male,11/5/1982,12:41 PM,111580,10.982,FALSE,Human Resources,12253.7156
Ralph,Male,3/24/1996,11:54 AM,50455,16.248,FALSE,Business Development,8197.9284
Diane,Female,10/30/2009,6:56 PM,130577,12.791,FALSE,Marketing,16702.10407
Annie,Female,6/6/1992,10:04 AM,138925,9.801,TRUE,Marketing,13616.03925
Jacqueline,Female,9/20/1994,6:07 PM,62371,15.77,TRUE,Client Services,9835.9067
Brenda,Female,4/17/1984,7:12 AM,87715,2.675,FALSE,Product,2346.37625
Lori,Female,9/11/2002,7:36 AM,66029,3.345,TRUE,Client Services,2208.67005
Albert,Male,6/17/1992,3:25 AM,86818,14.301,TRUE,Engineering,12415.84218
Frank,Male,11/23/2002,6:10 PM,75147,17.398,FALSE,Product,13074.07506
Deborah,Female,4/23/2000,6:55 PM,105573,5.268,TRUE,Product,5561.58564
Robin,,12/20/2005,2:42 PM,41230,6.611,TRUE,Distribution,2725.7153
Alice,Female,1/21/2016,5:07 PM,117787,10.485,FALSE,,12349.96695
Paul,,2/18/2011,12:23 PM,91462,18.704,FALSE,Finance,17107.05248
Brian,Male,4/7/2007,10:47 PM,93901,17.821,TRUE,Legal,16734.09721
Julie,,5/8/1980,6:31 AM,50529,17.263,FALSE,Finance,8722.82127
Bruce,Male,1/28/2007,11:10 PM,134988,13.926,TRUE,Sales,18798.42888
Joan,Female,10/2/2007,2:53 AM,120941,3.694,TRUE,Finance,4467.56054
Harold,Male,5/15/2007,6:37 PM,118753,8.162,FALSE,Sales,9692.61986
Alice,Female,10/16/1995,9:19 PM,92799,2.782,FALSE,Sales,2581.66818
Barbara,Female,11/12/2011,12:35 AM,85718,13.326,FALSE,Client Services,11422.78068
Sarah,Female,4/6/1999,11:17 AM,109517,5.146,FALSE,Human Resources,5635.74482
Samuel,Male,5/25/2012,4:40 PM,85550,11.593,TRUE,Marketing,9917.8115
Barbara,,8/2/2002,5:13 AM,43312,8.218,TRUE,Legal,3559.38016
Amy,,5/19/1984,11:47 AM,102839,10.385,TRUE,Distribution,10679.83015
Frank,Male,3/2/2009,9:15 PM,78891,7.927,TRUE,Distribution,6253.68957
Robin,,9/16/2005,1:26 AM,93201,11.712,TRUE,Legal,10915.70112
Debra,Female,3/17/2011,1:12 PM,84693,6.976,TRUE,Finance,5908.18368
Brandon,,5/31/2004,3:36 PM,73587,9.769,TRUE,Human Resources,7188.71403
Thomas,Male,9/7/1991,9:51 AM,65251,11.211,FALSE,Distribution,7315.28961
Harry,Male,9/23/2015,1:36 AM,129148,15.193,TRUE,Engineering,19621.45564
Todd,Male,7/4/1993,6:53 PM,128175,18.473,TRUE,,23677.76775
Patricia,Female,3/7/1998,1:10 AM,75825,7.839,FALSE,Engineering,5943.92175
Steve,Male,1/11/2002,9:17 PM,51821,1.197,TRUE,Legal,620.29737
Edward,Male,11/27/1997,1:00 AM,58327,17.095,TRUE,Finance,9971.00065
Karen,Female,1/9/2014,10:09 PM,46478,16.552,FALSE,Engineering,7693.03856
Martin,,2/6/2001,4:17 AM,123963,15.745,TRUE,Engineering,19517.97435
Ann,Female,9/28/1994,5:44 AM,79796,9.851,FALSE,Distribution,7860.70396
Jonathan,Male,7/30/1984,6:02 PM,83809,12.922,FALSE,Distribution,10829.79898
Peter,Male,3/22/1982,7:28 AM,77933,13.132,TRUE,Engineering,10234.16156
Eric,Male,6/15/1993,3:56 AM,51070,13.806,TRUE,Business Development,7050.7242
Jason,,4/15/1988,8:16 PM,97480,11.518,FALSE,Human Resources,11227.7464
Terry,Male,10/21/2010,11:18 PM,58357,7.969,FALSE,Engineering,4650.46933
John,Male,1/29/1999,3:07 AM,67165,13.001,FALSE,Engineering,8732.12165
Marie,Female,4/8/1983,2:01 PM,145988,18.685,TRUE,Human Resources,27277.8578
Harold,Male,4/16/2010,5:13 AM,147417,11.626,TRUE,Business Development,17138.70042
Joshua,Male,6/27/1997,3:23 PM,95003,5.197,TRUE,Marketing,4937.30591
Brandon,,9/5/1992,2:32 AM,144187,11.416,TRUE,Legal,16460.38792
Andrea,Female,12/10/2001,6:40 AM,37888,13.47,FALSE,Engineering,5103.5136
Jeremy,Male,5/19/1991,1:40 PM,131513,1.876,TRUE,Finance,2467.18388
Daniel,Male,2/29/2016,4:04 AM,77287,13,TRUE,,10047.31
Roy,Male,5/10/2004,1:22 PM,46875,12.942,TRUE,Sales,6066.5625
Dorothy,Female,10/8/2008,12:22 AM,82744,19.111,TRUE,Client Services,15813.20584
Steven,Male,9/7/1986,12:32 AM,43252,18.892,FALSE,Client Services,8171.16784
Nicole,Female,4/26/2009,12:40 AM,66047,18.674,TRUE,Marketing,12333.61678
Ann,Female,7/16/2001,9:27 AM,118431,12.772,TRUE,Finance,15126.00732
Henry,Male,5/12/1986,2:04 AM,59943,1.432,FALSE,Finance,858.38376
Barbara,Female,11/26/2002,5:32 AM,82884,6.837,TRUE,Business Development,5666.77908
Judy,Female,4/5/2011,1:44 AM,48668,11.716,TRUE,Product,5701.94288
Lawrence,Male,7/23/2011,3:41 AM,122971,14.618,FALSE,Product,17975.90078
Joseph,Male,10/10/2010,11:12 PM,107050,12.737,FALSE,Business Development,13634.9585
Carlos,Male,1/25/1981,10:00 AM,138598,14.737,FALSE,Sales,20425.18726
Russell,,5/9/2009,11:59 AM,149456,3.533,FALSE,Marketing,5280.28048
Jane,Female,7/10/1999,7:02 PM,128540,15.941,FALSE,Legal,20490.5614
Martin,Male,2/25/2016,6:29 PM,61117,2.844,FALSE,Client Services,1738.16748
Steven,Male,5/30/1980,8:25 PM,100949,13.813,TRUE,Human Resources,13944.08537
Judy,,7/15/2011,3:38 PM,46829,5.19,TRUE,Finance,2430.4251
James,Male,2/16/2008,2:49 AM,69111,14.625,TRUE,Business Development,10107.48375
Gloria,Female,8/19/2004,10:31 AM,46602,1.027,TRUE,Business Development,478.60254
Ernest,Male,6/30/2001,1:46 PM,61181,16.559,FALSE,Business Development,10130.96179
Martha,Female,7/17/1997,11:11 PM,94963,19.626,TRUE,Business Development,18637.43838
Janet,,1/25/1986,5:48 AM,85789,9.712,FALSE,Legal,8331.82768
Louis,,2/5/1983,6:39 PM,145274,16.379,FALSE,Product,23794.42846
Tina,Female,8/6/1999,3:18 AM,102841,3.369,FALSE,Client Services,3464.71329
Henry,Male,2/23/2007,3:24 AM,49665,18.338,FALSE,Business Development,9107.5677
Antonio,Male,6/6/1999,10:54 PM,41928,5.478,TRUE,,2296.81584
Lisa,Female,4/11/2007,1:04 AM,128042,2.03,TRUE,Legal,2599.2526
Denise,Female,2/19/1984,6:22 AM,86150,3.997,FALSE,Client Services,3443.4155
Stephen,Male,10/21/1984,6:26 AM,121816,10.615,TRUE,Distribution,12930.7684
Benjamin,Male,4/12/1988,11:32 PM,123409,7.783,FALSE,Product,9604.92247
Carl,,8/18/2007,8:01 AM,98295,7.617,TRUE,Legal,7487.13015
Ruth,Female,9/2/1980,6:52 AM,59678,10.895,FALSE,Distribution,6501.9181
Shawn,Male,12/29/2006,3:05 AM,57871,4.02,TRUE,Human Resources,2326.4142
Jennifer,Female,3/31/2015,7:43 PM,132084,10.006,TRUE,Engineering,13216.32504
Terry,Male,11/10/2004,4:33 AM,35633,3.947,TRUE,Distribution,1406.43451
Jacqueline,Female,7/27/2008,12:08 PM,125298,3.019,TRUE,Legal,3782.74662
Roger,Male,5/2/1988,10:04 PM,115582,15.343,TRUE,Sales,17733.74626
Alice,,4/23/1995,6:35 AM,148339,11.479,TRUE,Finance,17027.83381
Justin,Male,7/25/1991,12:45 AM,112975,9.699,FALSE,Human Resources,10957.44525
Janet,Female,7/12/2008,12:10 PM,36927,18.769,FALSE,Client Services,6930.82863
Robin,Female,3/26/2004,5:41 PM,70248,9.66,TRUE,Sales,6785.9568
Samuel,,10/7/2002,3:08 AM,141305,9.849,TRUE,Marketing,13917.12945
Katherine,Female,9/22/2006,8:08 PM,72002,13.178,TRUE,Product,9488.42356
Peter,Male,5/22/1991,1:39 AM,102577,12.026,TRUE,Product,12335.91002
Lillian,Female,8/14/2009,5:41 AM,113554,18.018,TRUE,Business Development,20460.15972
Rose,Female,11/3/1999,9:06 AM,75181,6.06,TRUE,Finance,4555.9686
Bobby,Male,9/30/2004,10:52 PM,79047,18.784,FALSE,Human Resources,14848.18848
Kimberly,Female,4/20/1986,3:55 PM,52970,4.513,FALSE,Sales,2390.5361
Antonio,Male,12/28/2003,4:17 AM,137979,5.266,FALSE,Distribution,7265.97414
Doris,Female,9/8/1984,7:03 PM,114360,17.799,TRUE,Business Development,20354.9364
Steven,Male,7/5/2009,4:55 AM,110306,16.843,TRUE,Human Resources,18578.83958
Lawrence,Male,7/3/1995,10:55 PM,46378,9.127,FALSE,,4232.92006
Stephanie,Female,9/14/1982,8:14 AM,96649,3.453,FALSE,Sales,3337.28997
Sandra,Female,9/7/1989,4:17 PM,111468,2.58,TRUE,Product,2875.8744
Kevin,Male,7/1/2005,3:22 PM,141498,4.135,TRUE,Sales,5850.9423
Michelle,,3/31/2012,6:28 AM,124441,16.353,FALSE,Business Development,20349.83673
Lisa,Female,7/8/2000,9:19 PM,40121,6.293,FALSE,Product,2524.81453
Fred,Male,3/3/1989,2:27 AM,129712,11.058,FALSE,Finance,14343.55296
Joseph,Male,11/4/1982,9:46 PM,126010,19.601,FALSE,Legal,24699.2201
Anne,,4/18/1996,11:57 PM,122762,9.564,FALSE,Distribution,11740.95768
Andrea,Female,7/22/1999,9:25 AM,149105,13.707,TRUE,Distribution,20437.82235
Nicole,Female,3/1/2004,5:17 PM,44021,10.286,FALSE,,4528.00006
Theresa,,10/7/1995,10:16 AM,42025,3.319,TRUE,Human Resources,1394.80975
Catherine,Female,8/31/1986,6:20 PM,59970,12.801,FALSE,Client Services,7676.7597
Rose,Female,12/31/1982,6:50 PM,145001,19.85,FALSE,Engineering,28782.6985
Lawrence,Male,10/1/1984,2:06 PM,102589,17.952,TRUE,Marketing,18416.77728
Raymond,Male,12/12/1986,12:18 PM,47529,2.712,TRUE,Product,1288.98648
Clarence,Male,8/5/1989,6:11 PM,148941,11.517,FALSE,Product,17153.53497
Ryan,Male,4/15/1988,5:18 AM,91109,17.499,TRUE,Human Resources,15943.16391
Jane,Female,1/12/1992,1:23 PM,51923,13.623,FALSE,Business Development,7073.47029
Lois,Female,7/28/2012,11:39 AM,53954,19.075,FALSE,Product,10291.7255
Shawn,Male,3/17/2008,2:12 PM,39335,10.664,FALSE,Distribution,4194.6844
Thomas,Male,5/3/1990,9:29 AM,111371,15.081,TRUE,Engineering,16795.86051
Kathryn,Female,1/29/2008,12:29 AM,86676,6.081,FALSE,Sales,5270.76756
Mary,Female,11/6/2011,8:32 AM,115057,2.089,FALSE,Finance,2403.54073
Julie,Female,3/8/1980,5:13 AM,145357,3.459,FALSE,Engineering,5027.89863
George,Male,9/27/1995,5:04 PM,36749,19.754,FALSE,Finance,7259.39746
Ralph,Male,2/10/2000,4:48 PM,89854,7.227,FALSE,Business Development,6493.74858
Judith,Female,9/3/1989,11:16 AM,134048,6.818,TRUE,Marketing,9139.39264
Evelyn,Female,2/10/2002,4:44 AM,123621,19.767,TRUE,Marketing,24436.16307
Rachel,Female,6/23/2011,12:52 AM,54941,3.221,TRUE,Distribution,1769.64961
Maria,,1/18/1986,8:36 PM,106562,4,FALSE,Human Resources,4262.48
Kelly,Female,3/17/2007,6:20 PM,39371,4.068,FALSE,Engineering,1601.61228
Ruby,Female,5/31/2008,8:41 PM,83112,4.083,FALSE,Marketing,3393.46296
Ann,Female,10/3/1980,1:08 AM,96941,10.048,TRUE,Distribution,9740.63168
Kenneth,Male,12/14/1985,6:55 AM,47232,17.862,TRUE,Legal,8436.57984
William,Male,11/18/1993,12:27 PM,54058,5.182,TRUE,Human Resources,2801.28556
Deborah,Female,2/26/2009,10:17 AM,118043,7.266,TRUE,Business Development,8577.00438
Julia,Female,8/18/2014,3:12 AM,97566,2.147,FALSE,Marketing,2094.74202
Robert,,12/4/2000,1:20 AM,69267,5.89,TRUE,Sales,4079.8263
Jesse,,7/16/2014,2:24 AM,98811,7.487,FALSE,Legal,7397.97957
Cynthia,Female,7/12/2006,8:55 AM,149684,7.864,FALSE,Product,11771.14976
Johnny,Male,1/14/2007,2:54 PM,71383,2.097,TRUE,Human Resources,1496.90151
Michael,Male,8/31/2002,1:20 AM,81206,19.908,TRUE,Distribution,16166.49048
Kenneth,Male,1/15/2015,2:41 PM,69112,7.588,TRUE,Finance,5244.21856
Keith,Male,2/12/2003,3:02 PM,120672,19.467,FALSE,Legal,23491.21824
Gerald,Male,5/28/2010,12:26 PM,96511,9.331,FALSE,Human Resources,9005.44141
Carl,,2/11/1982,7:54 AM,49325,2.071,TRUE,Business Development,1021.52075
Douglas,Male,8/4/2007,5:23 AM,132175,2.28,FALSE,Engineering,3013.59
Carolyn,Female,3/17/2004,6:38 AM,118037,13.492,FALSE,Finance,15925.55204
Joseph,Male,5/23/1985,10:16 PM,139570,15.804,TRUE,Finance,22057.6428
Billy,Male,4/6/2000,3:14 PM,115280,9.153,FALSE,Distribution,10551.5784
Joyce,Female,7/25/2001,6:04 AM,51065,16.807,FALSE,Human Resources,8582.49455
Lillian,Female,8/26/2002,8:53 AM,103854,4.924,TRUE,Distribution,5113.77096
Ruby,Female,8/13/2006,6:27 PM,48354,19.501,FALSE,Business Development,9429.51354
Sandra,Female,2/7/1998,12:39 PM,132327,19.264,FALSE,Product,25491.47328
Louise,Female,2/26/1982,1:03 AM,106362,8.965,FALSE,Sales,9535.3533
Maria,,6/19/1985,1:48 AM,148857,8.738,FALSE,Legal,13007.12466
Brenda,Female,1/3/1981,6:01 PM,131131,11.682,FALSE,Client Services,15318.72342
Stephen,Male,9/10/1990,10:42 PM,129663,15.574,FALSE,Human Resources,20193.71562
Nicole,,5/2/1981,12:03 PM,41449,4.707,FALSE,Finance,1951.00443
Bobby,Male,6/5/1984,7:40 AM,93368,2.88,TRUE,Product,2688.9984
Ernest,Male,9/6/1997,2:02 PM,53335,9.192,FALSE,Product,4902.5532
Charles,Male,9/3/1997,10:04 AM,148291,6.002,FALSE,,8900.42582
Bobby,Male,8/19/1996,1:16 AM,147842,16.158,TRUE,,23888.31036
Diana,Female,11/19/2004,8:47 AM,105066,17.343,TRUE,Business Development,18221.59638
Mildred,Female,4/6/2007,10:06 PM,139284,11.39,TRUE,,15864.4476
Harry,Male,2/10/1985,7:46 PM,63046,10.411,FALSE,Finance,6563.71906
Phillip,,10/20/2003,11:09 AM,89700,2.277,TRUE,,2042.469
Bonnie,,1/18/2006,6:52 PM,108946,12.211,FALSE,Finance,13303.39606
Marie,Female,12/8/1993,6:28 PM,98406,7.943,TRUE,Product,7816.38858
Sean,Male,4/25/2006,4:51 PM,108581,9.634,FALSE,Human Resources,10460.69354
Robin,Female,10/1/2012,2:44 AM,41808,19.239,FALSE,Business Development,8043.44112
Phillip,Male,10/7/1984,11:05 AM,36837,14.66,FALSE,Marketing,5400.3042
Jerry,Male,3/26/1989,4:15 AM,140850,18.855,FALSE,Finance,26557.2675
Ronald,Male,5/25/1983,10:05 AM,50426,18.536,TRUE,Sales,9346.96336
Phillip,Male,5/15/1984,6:15 AM,134120,6.842,FALSE,Human Resources,9176.4904
Ryan,Male,11/16/2012,1:47 PM,57292,6.01,FALSE,,3443.2492
Karen,Female,8/29/1997,4:56 PM,80633,16.306,FALSE,Legal,13148.01698
Bonnie,Female,8/25/2004,2:17 AM,131943,14.249,FALSE,Client Services,18800.55807
Earl,Male,6/15/2013,3:00 AM,48046,7.737,FALSE,Marketing,3717.31902
Katherine,Female,8/18/2013,3:58 PM,97443,13.657,FALSE,Product,13307.79051
Matthew,Male,8/3/1995,5:39 AM,135352,7.986,TRUE,Business Development,10809.21072
Cynthia,,11/19/1996,10:40 PM,107816,18.751,FALSE,Marketing,20216.57816
Gerald,Male,3/29/2003,10:37 AM,96329,2.469,TRUE,Engineering,2378.36301
Brenda,Female,1/18/2015,4:39 PM,73749,19.332,FALSE,Business Development,14257.15668
Jason,Male,5/1/1998,6:05 PM,75607,4.299,TRUE,Sales,3250.34493
Melissa,Female,9/8/1994,4:11 AM,98858,3.525,TRUE,Human Resources,3484.7445
Beverly,Female,4/11/1998,2:27 PM,76485,9.212,TRUE,Engineering,7045.7982
Terry,,9/11/1992,4:41 PM,41238,8.219,FALSE,Marketing,3389.35122
Jacqueline,Female,5/25/2003,7:13 PM,125418,8.064,FALSE,Distribution,10113.70752
Amy,Female,5/20/2009,6:26 AM,75415,19.132,FALSE,Client Services,14428.3978
Robert,,5/25/2007,3:17 AM,90998,8.382,FALSE,Finance,7627.45236
Ruby,Female,1/28/1980,11:08 PM,142868,6.318,FALSE,Marketing,9026.40024
Sara,,11/18/2014,2:47 PM,135990,14.344,TRUE,Distribution,19506.4056
Kathryn,Female,10/27/1995,3:39 PM,57300,18.015,FALSE,Marketing,10322.595
Lisa,Female,10/17/2003,1:42 PM,73706,18.53,FALSE,Finance,13657.7218
Juan,Male,10/6/1993,8:52 AM,85871,9.16,FALSE,Product,7865.7836
Anthony,Male,1/30/2014,9:04 PM,96795,14.837,FALSE,Sales,14361.47415
David,Male,12/5/2009,8:48 AM,92242,15.407,FALSE,Legal,14211.72494
Marilyn,Female,10/8/2007,12:32 AM,115149,11.934,TRUE,Legal,13741.88166
Margaret,Female,1/4/2001,3:07 AM,126924,1.552,TRUE,Finance,1969.86048
Timothy,Male,8/25/1991,10:37 AM,92587,8.475,FALSE,Finance,7846.74825
Brandon,Male,10/23/1995,12:04 PM,60263,2.709,FALSE,Sales,1632.52467
Frank,Male,7/27/2013,4:32 PM,91406,5.681,TRUE,Business Development,5192.77486
Betty,Female,11/19/2002,10:40 AM,37005,7.645,TRUE,Marketing,2829.03225
Janice,,11/19/1991,6:02 PM,139791,16.968,FALSE,Business Development,23719.73688
Victor,Male,3/10/2010,5:01 PM,45267,3.942,TRUE,Sales,1784.42514
Kenneth,,2/28/1994,10:10 AM,95296,10.146,FALSE,Finance,9668.73216
Jane,Female,4/27/2012,2:12 PM,59680,15.211,TRUE,Business Development,9077.9248
Walter,Male,5/21/1992,12:39 AM,144701,16.323,TRUE,Marketing,23619.54423
Christina,Female,6/23/2002,3:18 PM,35477,18.178,FALSE,Human Resources,6449.00906
Patricia,Female,10/10/1995,4:52 PM,119266,6.911,FALSE,Distribution,8242.47326
Heather,Female,7/29/1983,10:48 AM,47605,14.955,TRUE,Human Resources,7119.32775
Stephanie,Female,6/26/1988,5:48 AM,136604,6.16,TRUE,Human Resources,8414.8064
Alice,Female,2/9/2013,12:49 AM,121250,4.363,TRUE,Finance,5290.1375
Frances,Female,5/16/2014,8:31 AM,35884,17.667,FALSE,Sales,6339.62628
Elizabeth,Female,7/27/1998,11:12 AM,137144,10.081,FALSE,Finance,13825.48664
Janice,Female,12/17/2009,6:42 AM,102697,3.283,FALSE,Engineering,3371.54251
Donald,Male,8/1/1991,2:25 AM,61999,6.466,FALSE,Product,4008.85534
Melissa,Female,10/22/2002,1:20 AM,45223,8.879,TRUE,Legal,4015.35017
Carl,Male,7/7/2010,1:33 PM,54033,15.528,TRUE,Business Development,8390.24424
Joe,Male,12/8/1998,10:28 AM,126120,1.02,FALSE,,1286.424
Lois,Female,12/11/2015,4:10 PM,99747,6.168,FALSE,Marketing,6152.39496
Ann,Female,9/28/2001,6:37 AM,71958,5.272,TRUE,Distribution,3793.62576
Todd,Male,1/4/1983,12:34 PM,115566,6.716,TRUE,Client Services,7761.41256
Marilyn,Female,1/16/1996,7:18 AM,118369,7.696,TRUE,Business Development,9109.67824
Shawn,Male,3/13/2008,5:36 PM,51667,6.339,FALSE,Product,3275.17113
Ryan,Male,4/27/1999,3:41 AM,85858,19.475,FALSE,Client Services,16720.8455
Sean,Male,3/21/2009,11:38 AM,131423,8.957,FALSE,Distribution,11771.55811
Rose,Female,1/2/2002,9:14 PM,49538,9.828,FALSE,Client Services,4868.59464
George,Male,6/5/2015,5:40 AM,50369,18.9,TRUE,Sales,9519.741
Arthur,Male,12/5/2013,8:44 AM,86615,3.412,TRUE,Business Development,2955.3038
Irene,,2/28/1991,10:23 PM,135369,4.38,FALSE,Business Development,5929.1622
Deborah,Female,11/11/2003,4:53 PM,60003,9.624,FALSE,Client Services,5774.68872
Judith,Female,3/1/2004,7:32 AM,109324,19.488,FALSE,Distribution,21305.06112
Philip,Male,3/11/2005,10:56 AM,103557,16.014,TRUE,Business Development,16583.61798
Jeffrey,Male,9/20/1986,6:06 AM,111376,2.673,TRUE,Business Development,2977.08048
Theresa,Female,4/27/2001,9:17 PM,75661,1.079,TRUE,Legal,816.38219
Nancy,Female,9/10/2001,11:57 PM,85213,2.386,TRUE,Marketing,2033.18218
Harold,Male,6/23/2012,12:40 PM,140444,3.771,FALSE,Distribution,5296.14324
Bonnie,Female,12/23/2008,9:26 AM,90427,2.01,TRUE,Client Services,1817.5827
Doris,Female,7/5/1993,5:54 PM,141439,3.799,FALSE,Business Development,5373.26761
Samuel,Male,8/7/1997,12:40 PM,43694,3.787,TRUE,Engineering,1654.69178
Alice,Female,3/23/1996,3:09 AM,131952,12.09,FALSE,Engineering,15952.9968
Maria,Female,3/14/2003,5:23 PM,96250,10.056,FALSE,Business Development,9678.9
Aaron,,1/22/1986,7:39 PM,63126,18.424,FALSE,Client Services,11630.33424
Mark,,9/9/2006,12:27 PM,44836,2.657,FALSE,Client Services,1191.29252
Ralph,,7/28/1995,6:53 PM,70635,2.147,FALSE,Client Services,1516.53345
Andrew,Male,9/28/1990,9:38 AM,137386,8.611,TRUE,Distribution,11830.30846
William,Male,6/26/1997,8:33 AM,104840,15.653,TRUE,Engineering,16410.6052
Lori,Female,11/20/2015,1:15 PM,75498,6.537,TRUE,Marketing,4935.30426
Wayne,Male,9/8/2006,11:09 AM,67471,2.728,FALSE,Engineering,1840.60888
Kenneth,Male,5/10/2006,8:24 AM,101914,1.905,TRUE,Distribution,1941.4617
Gerald,,4/15/1989,12:44 PM,93712,17.426,TRUE,Distribution,16330.25312
Ashley,Female,3/31/2006,1:24 PM,142410,11.048,TRUE,Engineering,15733.4568
Scott,Male,8/20/2011,8:08 AM,37385,8.226,TRUE,Business Development,3075.2901
Paula,Female,5/21/1983,11:42 AM,58423,10.833,FALSE,Business Development,6328.96359
Teresa,Female,1/22/2013,3:17 PM,113425,11.907,TRUE,Human Resources,13505.51475
Randy,Male,2/25/2012,5:33 AM,57266,14.077,FALSE,Product,8061.33482
Joe,Male,1/19/1980,4:06 PM,119667,1.148,TRUE,Finance,1373.77716
Sarah,Female,8/17/2014,11:08 PM,127118,11.176,FALSE,Legal,14206.70768
Beverly,Female,10/17/1986,12:51 AM,80838,8.115,FALSE,Engineering,6560.0037
Jeffrey,Male,2/3/1984,1:26 PM,70990,15.901,TRUE,Sales,11288.1199
Gloria,Female,10/24/1987,4:43 AM,39833,9.631,FALSE,Engineering,3836.31623
Albert,Male,9/19/1992,2:35 AM,45094,5.85,TRUE,Business Development,2637.999
Stephen,Male,10/29/1989,11:34 PM,93997,18.093,TRUE,Business Development,17006.87721
Antonio,,6/18/1989,9:37 PM,103050,3.05,FALSE,Legal,3143.025
Jonathan,Male,8/21/2013,12:45 AM,121797,16.923,FALSE,Product,20611.70631
Ann,Female,9/23/1994,11:15 AM,89443,17.94,TRUE,Sales,16046.0742
Bruce,Male,5/7/1980,8:00 PM,35802,12.391,TRUE,Sales,4436.22582
Catherine,Female,9/25/1989,1:31 AM,68164,18.393,FALSE,Client Services,12537.40452
Louis,Male,8/16/2011,5:19 PM,93022,9.146,TRUE,Human Resources,8507.79212
Thomas,Male,3/12/2016,3:10 PM,105681,19.572,FALSE,Engineering,20683.88532
Louise,Female,3/27/1995,10:27 PM,43050,11.671,FALSE,Distribution,5024.3655
Linda,Female,2/4/2010,8:49 PM,44486,17.308,TRUE,Engineering,7699.63688
Alice,Female,9/3/1988,8:54 PM,63571,15.397,TRUE,Product,9788.02687
Patrick,Male,12/30/2002,2:01 AM,75423,5.368,TRUE,Business Development,4048.70664
Victor,,7/28/2006,2:49 PM,76381,11.159,TRUE,Sales,8523.35579
Russell,Male,5/10/2013,11:08 PM,137359,11.105,FALSE,Business Development,15253.71695
Harry,Male,8/30/2011,6:31 PM,67656,16.455,TRUE,Client Services,11132.7948
Susan,Female,4/7/1995,10:05 PM,92436,12.467,FALSE,Sales,11523.99612
Denise,Female,10/19/1992,5:42 AM,137954,4.195,TRUE,Legal,5787.1703
Sarah,Female,12/4/1995,9:16 AM,124566,5.949,FALSE,Product,7410.43134
Sean,Male,1/17/1983,2:23 PM,66146,11.178,FALSE,Human Resources,7393.79988
Ernest,Male,7/20/2013,6:41 AM,142935,13.198,TRUE,Product,18864.5613
Kimberly,Female,1/26/2013,12:57 AM,46233,8.862,TRUE,Engineering,4097.16846
James,Male,1/15/1993,5:19 PM,148985,19.28,FALSE,Legal,28724.308
Rose,Female,4/6/1982,10:43 AM,91411,8.639,TRUE,Human Resources,7896.99629
John,Male,12/23/1982,10:35 PM,146907,11.738,FALSE,Engineering,17243.94366
Maria,Female,10/15/2011,4:53 PM,43455,13.04,FALSE,Engineering,5666.532
Stephen,,7/10/1983,8:10 PM,85668,1.909,FALSE,Legal,1635.40212
Donna,Female,11/26/1982,7:04 AM,82871,17.999,FALSE,Marketing,14915.95129
Gloria,Female,12/8/2014,5:08 AM,136709,10.331,TRUE,Finance,14123.40679
Alice,Female,10/5/2004,9:34 AM,47638,11.209,FALSE,Human Resources,5339.74342
Justin,,2/10/1991,4:58 PM,38344,3.794,FALSE,Legal,1454.77136
Robin,Female,7/24/1987,1:35 PM,100765,10.982,TRUE,Client Services,11066.0123
Rose,Female,8/25/2002,5:12 AM,134505,11.051,TRUE,Marketing,14864.14755
Anthony,Male,10/16/2011,8:35 AM,112769,11.625,TRUE,Finance,13109.39625
Tina,Female,5/15/1997,3:53 PM,56450,19.04,TRUE,Engineering,10748.08
George,Male,6/21/2013,5:47 PM,98874,4.479,TRUE,Marketing,4428.56646
Henry,,11/23/2014,6:09 AM,132483,16.655,FALSE,Distribution,22065.04365
Phillip,Male,1/31/1984,6:30 AM,42392,19.675,FALSE,Finance,8340.626
Russell,Male,5/20/2013,12:39 PM,96914,1.421,FALSE,Product,1377.14794
Larry,Male,4/20/2013,4:45 PM,60500,11.985,FALSE,Business Development,7250.925
Albert,Male,5/15/2012,6:24 PM,129949,10.169,TRUE,Sales,13214.51381
,,,,,,,,
0,#NAME?,,,,,,,
,,,,,,,,
AVERAGE SALARY OF ALL EMPLOYEES:,,,,90290.76119,,,,
